{"cameraMode":{"drawMode":0,"name":"Shaded","section":"Shading Mode"},"sceneLighting":false,"audioPlay":false,"sceneViewState":{"m_AlwaysRefresh":false,"showFog":true,"showSkybox":false,"showFlares":true,"showImageEffects":true,"showParticleSystems":true,"showVisualEffectGraphs":true,"m_FxEnabled":true},"in2DMode":false,"pivot":{"x":0.09999990463256836,"y":7.724999904632568,"z":-14.069999694824219},"rotation":{"x":-0.04079238325357437,"y":0.01857934147119522,"z":-0.0007617431110702455,"w":-0.9989891052246094},"size":3.6884891986846926,"orthographic":false}