{"cameraMode":{"drawMode":0,"name":"Shaded","section":"Shading Mode"},"sceneLighting":true,"audioPlay":false,"sceneViewState":{"m_AlwaysRefresh":false,"showFog":true,"showSkybox":true,"showFlares":true,"showImageEffects":true,"showParticleSystems":true,"showVisualEffectGraphs":true,"m_FxEnabled":true},"in2DMode":false,"pivot":{"x":-0.324479341506958,"y":19.03179931640625,"z":-41.385501861572269},"rotation":{"x":-0.28429123759269717,"y":0.016390953212976457,"z":-0.004861782304942608,"w":-0.9585874080657959},"size":11.567619323730469,"orthographic":false}