{"cameraMode":{"drawMode":0,"name":"Shaded","section":"Shading Mode"},"sceneLighting":true,"audioPlay":false,"sceneViewState":{"m_AlwaysRefresh":false,"showFog":true,"showSkybox":true,"showFlares":true,"showImageEffects":true,"showParticleSystems":true,"showVisualEffectGraphs":true,"m_FxEnabled":true},"in2DMode":false,"pivot":{"x":3.8873274326324465,"y":15.726649284362793,"z":-33.57264709472656},"rotation":{"x":0.21226724982261659,"y":0.005862589925527573,"z":-0.0012731816386803985,"w":0.9771929979324341},"size":3.444342613220215,"orthographic":false}